query,configuration,runtime_ms,rows_scanned,peak_memory_kb,compile_ms,cells_scanned,rows_out,runs,calls_per_run,matches_reference,fused_pipelines,optimizer,scale
q01,interpreted_unoptimized,16.058,5000,798.53,,30000,10,5,4,True,,none,bench
q01,interpreted_optimized,13.578,5000,798.37,,25000,10,5,4,True,,optimizer.optimize,bench
q01,compiled_unoptimized,0.238,5000,102.06,1.624,30000,10,5,108,True,1,none,bench
q01,compiled_optimized,0.234,5000,102.06,0.595,25000,10,5,194,True,0,optimizer.optimize,bench
q01,compiled_unoptimized_unfused,0.285,5000,145.51,0.62,30000,10,5,182,True,0,none,bench
q01,compiled_optimized_unfused,0.237,5000,102.06,0.564,25000,10,5,196,True,0,optimizer.optimize,bench
q02,interpreted_unoptimized,1061.534,100000,39648.8,,1000000,20,5,1,True,,none,bench
q02,interpreted_optimized,1035.744,100000,39419.06,,600000,20,5,1,True,,optimizer.optimize,bench
q02,compiled_unoptimized,7.551,100000,3483.01,1.179,1000000,20,5,7,True,1,none,bench
q02,compiled_optimized,7.609,100000,3483.01,0.943,600000,20,5,7,True,1,optimizer.optimize,bench
q02,compiled_unoptimized_unfused,11.462,100000,5435.96,0.942,1000000,20,5,5,True,0,none,bench
q02,compiled_optimized_unfused,7.527,100000,3483.01,0.95,600000,20,5,7,True,0,optimizer.optimize,bench
q03,interpreted_unoptimized,772.823,25000,6244.63,,150000,15,5,1,True,,none,bench
q03,interpreted_optimized,574.47,25000,6244.46,,125000,15,5,1,True,,optimizer.optimize,bench
q03,compiled_unoptimized,2.429,25000,634.44,3.005,150000,15,5,9,True,1,none,bench
q03,compiled_optimized,2.202,25000,634.44,2.397,125000,15,5,8,True,0,optimizer.optimize,bench
q03,compiled_unoptimized_unfused,2.379,25000,772.71,4.046,150000,15,5,7,True,0,none,bench
q03,compiled_optimized_unfused,2.019,25000,634.44,2.867,125000,15,5,11,True,0,optimizer.optimize,bench
q04,interpreted_unoptimized,41.754,5000,861.22,,35000,10,5,2,True,,none,bench
q04,interpreted_optimized,41.272,5000,861.2,,30000,10,5,2,True,,optimizer.optimize,bench
q04,compiled_unoptimized,0.187,5000,87.56,1.148,35000,10,5,126,True,1,none,bench
q04,compiled_optimized,0.18,5000,87.56,0.881,30000,10,5,216,True,1,optimizer.optimize,bench
q04,compiled_unoptimized_unfused,0.207,5000,121.34,0.788,35000,10,5,210,True,0,none,bench
q04,compiled_optimized_unfused,0.192,5000,87.56,0.739,30000,10,5,248,True,0,optimizer.optimize,bench
q05,interpreted_unoptimized,2341.655,100000,39420.28,,1000000,25,5,1,True,,none,bench
q05,interpreted_optimized,2208.325,100000,39420.05,,800000,25,5,1,True,,optimizer.optimize,bench
q05,compiled_unoptimized,7.477,100000,5715.48,1.638,1000000,25,5,6,True,1,none,bench
q05,compiled_optimized,7.332,100000,5715.48,1.199,800000,25,5,6,True,0,optimizer.optimize,bench
q05,compiled_unoptimized_unfused,10.049,100000,7146.64,1.675,1000000,25,5,5,True,0,none,bench
q05,compiled_optimized_unfused,7.263,100000,5715.48,1.028,800000,25,5,7,True,0,optimizer.optimize,bench
q06,interpreted_unoptimized,33.363,5000,798.53,,30000,5,5,2,True,,none,bench
q06,interpreted_optimized,31.942,5000,798.32,,25000,5,5,2,True,,optimizer.optimize,bench
q06,compiled_unoptimized,0.11,5000,77.52,1.082,30000,5,5,181,True,1,none,bench
q06,compiled_optimized,0.105,5000,77.52,0.673,25000,5,5,346,True,0,optimizer.optimize,bench
q06,compiled_unoptimized_unfused,0.109,5000,101.78,0.767,30000,5,5,374,True,0,none,bench
q06,compiled_optimized_unfused,0.104,5000,77.52,0.606,25000,5,5,466,True,0,optimizer.optimize,bench
q07,interpreted_unoptimized,328.683,30000,12704.04,,180000,10,5,1,True,,none,bench
q07,interpreted_optimized,109.187,30000,6544.3,,115000,10,5,1,True,,optimizer.optimize,bench
q07,compiled_unoptimized,10.305,30000,6585.08,1.639,180000,10,5,5,True,0,none,bench
q07,compiled_optimized,2.946,30000,2118.57,1.088,115000,10,5,19,True,0,optimizer.optimize,bench
q07,compiled_unoptimized_unfused,10.331,30000,6584.96,1.245,180000,10,5,6,True,0,none,bench
q07,compiled_optimized_unfused,2.897,30000,2118.57,1.144,115000,10,5,15,True,0,optimizer.optimize,bench
q08,interpreted_unoptimized,1538.01,105000,69703.73,,1035000,15,5,1,True,,none,bench
q08,interpreted_optimized,377.589,105000,39648.88,,420000,15,5,1,True,,optimizer.optimize,bench
q08,compiled_unoptimized,42.017,105000,28095.92,2.01,1035000,15,5,2,True,0,none,bench
q08,compiled_optimized,10.812,105000,5342.21,1.358,420000,15,5,5,True,0,optimizer.optimize,bench
q08,compiled_unoptimized_unfused,43.275,105000,28095.34,1.671,1035000,15,5,2,True,0,none,bench
q08,compiled_optimized_unfused,11.027,105000,5342.21,1.187,420000,15,5,5,True,0,optimizer.optimize,bench
q09,interpreted_unoptimized,1777.598,125000,73462.23,,1150000,20,5,1,True,,none,bench
q09,interpreted_optimized,593.426,125000,25360.65,,475000,20,5,1,True,,optimizer.optimize,bench
q09,compiled_unoptimized,63.443,125000,34695.23,1.687,1150000,20,5,1,True,0,none,bench
q09,compiled_optimized,22.853,125000,10513.43,1.119,475000,20,5,3,True,0,optimizer.optimize,bench
q09,compiled_unoptimized_unfused,63.213,125000,34695.11,1.374,1150000,20,5,1,True,0,none,bench
q09,compiled_optimized_unfused,23.339,125000,10513.43,1.064,475000,20,5,3,True,0,optimizer.optimize,bench
q10,interpreted_unoptimized,9179.115,130000,93023.65,,1180000,20,5,1,True,,none,bench
q10,interpreted_optimized,619.972,130000,18542.56,,395000,20,5,1,True,,optimizer.optimize,bench
q10,compiled_unoptimized,261.723,130000,62736.24,9.869,1180000,20,5,1,True,0,none,bench
q10,compiled_optimized,34.276,130000,5964.58,6.201,395000,20,5,2,True,0,optimizer.optimize,bench
q10,compiled_unoptimized_unfused,291.284,130000,62737.07,9.708,1180000,20,5,1,True,0,none,bench
q10,compiled_optimized_unfused,37.087,130000,5964.58,3.593,395000,20,5,2,True,0,optimizer.optimize,bench
q11,interpreted_unoptimized,9033.978,130000,95387.92,,1185000,15,5,1,True,,none,bench
q11,interpreted_optimized,1748.63,130000,26455.81,,570000,15,5,1,True,,optimizer.optimize,bench
q11,compiled_unoptimized,341.985,130000,69715.36,5.16,1185000,15,5,1,True,0,none,bench
q11,compiled_optimized,83.581,130000,17634.57,5.211,570000,15,5,1,True,0,optimizer.optimize,bench
q11,compiled_unoptimized_unfused,258.512,130000,69715.17,12.77,1185000,15,5,1,True,0,none,bench
q11,compiled_optimized_unfused,70.091,130000,17634.57,3.65,570000,15,5,1,True,0,optimizer.optimize,bench
q12,interpreted_unoptimized,6315.049,130000,93023.33,,1180000,10,5,1,True,,none,bench
q12,interpreted_optimized,1520.919,130000,40043.77,,465000,10,5,1,True,,optimizer.optimize,bench
q12,compiled_unoptimized,146.3,130000,43042.65,7.871,1180000,10,5,1,True,0,none,bench
q12,compiled_optimized,37.715,130000,5328.6,3.989,465000,10,5,2,True,0,optimizer.optimize,bench
q12,compiled_unoptimized_unfused,187.535,130000,43042.54,5.173,1180000,10,5,1,True,0,none,bench
q12,compiled_optimized_unfused,37.226,130000,5328.6,6.465,465000,10,5,2,True,0,optimizer.optimize,bench
q13,interpreted_unoptimized,1169.447,100000,39648.95,,1000000,6,5,1,True,,none,bench
q13,interpreted_optimized,1106.606,100000,17031.98,,500000,6,5,1,True,,optimizer.optimize,bench
q13,compiled_unoptimized,71.241,100000,15722.56,2.652,1000000,6,5,1,True,0,none,bench
q13,compiled_optimized,72.966,100000,15233.73,4.008,500000,6,5,1,True,0,optimizer.optimize,bench
q13,compiled_unoptimized_unfused,73.587,100000,15722.56,3.922,1000000,6,5,1,True,0,none,bench
q13,compiled_optimized_unfused,72.784,100000,15233.73,3.264,500000,6,5,1,True,0,optimizer.optimize,bench
q14,interpreted_unoptimized,12.463,5000,798.72,,30000,25,5,4,True,,none,bench
q14,interpreted_optimized,12.003,5000,399.53,,10000,25,5,5,True,,optimizer.optimize,bench
q14,compiled_unoptimized,0.693,5000,354.29,0.921,30000,25,5,67,True,0,none,bench
q14,compiled_optimized,0.681,5000,334.32,0.709,10000,25,5,80,True,0,optimizer.optimize,bench
q14,compiled_unoptimized_unfused,0.701,5000,354.29,0.879,30000,25,5,84,True,0,none,bench
q14,compiled_optimized_unfused,0.706,5000,334.32,0.747,10000,25,5,87,True,0,optimizer.optimize,bench
q15,interpreted_unoptimized,149.062,25000,6244.77,,150000,15,5,1,True,,none,bench
q15,interpreted_optimized,128.88,25000,2822.92,,75000,15,5,1,True,,optimizer.optimize,bench
q15,compiled_unoptimized,13.929,25000,2603.93,1.167,150000,15,5,3,True,0,none,bench
q15,compiled_optimized,15.513,25000,2530.36,0.998,75000,15,5,2,True,0,optimizer.optimize,bench
q15,compiled_unoptimized_unfused,13.401,25000,2603.93,0.864,150000,15,5,3,True,0,none,bench
q15,compiled_optimized_unfused,17.073,25000,2530.36,0.757,75000,15,5,3,True,0,optimizer.optimize,bench
q16,interpreted_unoptimized,51.99,5000,861.41,,35000,125,5,1,True,,none,bench
q16,interpreted_optimized,50.88,5000,462.58,,15000,125,5,2,True,,optimizer.optimize,bench
q16,compiled_unoptimized,3.965,5000,541.3,3.82,35000,125,5,12,True,0,none,bench
q16,compiled_optimized,4.07,5000,528.77,2.983,15000,125,5,18,True,0,optimizer.optimize,bench
q16,compiled_unoptimized_unfused,4.304,5000,541.3,3.639,35000,125,5,11,True,0,none,bench
q16,compiled_optimized_unfused,4.092,5000,528.77,3.264,15000,125,5,23,True,0,optimizer.optimize,bench
q17,interpreted_unoptimized,1383.915,100000,39648.84,,1000000,2500,5,1,True,,none,bench
q17,interpreted_optimized,1341.874,100000,39648.61,,300000,2500,5,1,True,,optimizer.optimize,bench
q17,compiled_unoptimized,52.821,100000,5568.75,1.815,1000000,2500,5,2,True,1,none,bench
q17,compiled_optimized,33.373,100000,3202.04,3.162,300000,2500,5,2,True,0,optimizer.optimize,bench
q17,compiled_unoptimized_unfused,50.235,100000,6448.64,3.069,1000000,2500,5,2,True,0,none,bench
q17,compiled_optimized_unfused,32.048,100000,3202.04,1.12,300000,2500,5,2,True,0,optimizer.optimize,bench
q18,interpreted_unoptimized,1083.186,30000,13364.0,,180000,5,5,1,True,,none,bench
q18,interpreted_optimized,632.452,30000,6245.42,,85000,5,5,1,True,,optimizer.optimize,bench
q18,compiled_unoptimized,42.444,30000,8449.31,7.953,180000,5,5,1,True,0,none,bench
q18,compiled_optimized,23.564,30000,3750.0,5.796,85000,5,5,2,True,0,optimizer.optimize,bench
q18,compiled_unoptimized_unfused,42.719,30000,8449.31,7.32,180000,5,5,2,True,0,none,bench
q18,compiled_optimized_unfused,22.012,30000,3750.0,6.492,85000,5,5,3,True,0,optimizer.optimize,bench
q19,interpreted_unoptimized,6026.396,130000,95389.14,,1185000,10,5,1,True,,none,bench
q19,interpreted_optimized,2021.583,130000,25749.65,,565000,10,5,1,True,,optimizer.optimize,bench
q19,compiled_unoptimized,371.033,130000,70721.2,11.234,1185000,10,5,1,True,0,none,bench
q19,compiled_optimized,129.123,130000,18389.17,7.602,565000,10,5,1,True,0,optimizer.optimize,bench
q19,compiled_unoptimized_unfused,345.564,130000,70721.08,9.826,1185000,10,5,1,True,0,none,bench
q19,compiled_optimized_unfused,131.61,130000,18389.17,8.691,565000,10,5,1,True,0,optimizer.optimize,bench
q20,interpreted_unoptimized,8680.047,130000,93195.77,,1180000,10,5,1,True,,none,bench
q20,interpreted_optimized,2461.477,130000,40413.48,,390000,10,5,1,True,,optimizer.optimize,bench
q20,compiled_unoptimized,242.632,130000,45783.33,11.876,1180000,10,5,1,True,0,none,bench
q20,compiled_optimized,62.953,130000,8458.81,9.18,390000,10,5,1,True,0,optimizer.optimize,bench
q20,compiled_unoptimized_unfused,248.404,130000,45673.54,12.51,1180000,10,5,1,True,0,none,bench
q20,compiled_optimized_unfused,65.804,130000,8458.76,9.478,390000,10,5,1,True,0,optimizer.optimize,bench
