query,config,runtime_ms,result_rows,rows_scanned,values_read,estimated_cost_us,same_result,workload
two_of_twenty,all passes,0.0235,60,60,120,0.48,True,suite
two_of_twenty,without predicate_pushdown,0.0233,60,60,120,0.48,True,suite
two_of_twenty,without join_reordering,0.0236,60,60,120,0.48,True,suite
two_of_twenty,without column_pruning,0.2017,60,60,1200,12.72,True,suite
two_of_twenty,without constant_folding,0.1055,60,60,120,0.48,True,suite
two_of_twenty,no passes,0.207,60,60,1200,12.72,True,suite
filter_only_column,all passes,0.109,22,60,120,5.175,True,suite
filter_only_column,without predicate_pushdown,0.1081,22,60,120,5.895,True,suite
filter_only_column,without join_reordering,0.1063,22,60,120,5.175,True,suite
filter_only_column,without column_pruning,0.159,22,60,1200,27.135,True,suite
filter_only_column,without constant_folding,0.1276,22,60,120,5.175,True,suite
filter_only_column,no passes,0.1862,22,60,1200,27.135,True,suite
computed_projection,all passes,0.2582,18,60,180,6.1679,True,suite
computed_projection,without predicate_pushdown,0.2128,18,60,180,6.8879,True,suite
computed_projection,without join_reordering,0.2579,18,60,180,6.1679,True,suite
computed_projection,without column_pruning,0.2916,18,60,1200,27.1679,True,suite
computed_projection,without constant_folding,0.2573,18,60,180,6.1679,True,suite
computed_projection,no passes,0.3266,18,60,1200,27.1679,True,suite
select_star,all passes,0.1343,41,60,1200,27.135,True,suite
select_star,without predicate_pushdown,0.149,41,60,1200,27.135,True,suite
select_star,without join_reordering,0.133,41,60,1200,27.135,True,suite
select_star,without column_pruning,0.135,41,60,1200,27.135,True,suite
select_star,without constant_folding,0.1957,41,60,1200,27.135,True,suite
select_star,no passes,0.1466,41,60,1200,27.135,True,suite
pushed_predicate_column,all passes,0.1071,34,60,120,1.215,True,suite
pushed_predicate_column,without predicate_pushdown,0.1053,34,60,120,1.215,True,suite
pushed_predicate_column,without join_reordering,0.1087,34,60,120,1.215,True,suite
pushed_predicate_column,without column_pruning,0.1757,34,60,1200,27.135,True,suite
pushed_predicate_column,without constant_folding,0.1331,34,60,120,1.215,True,suite
pushed_predicate_column,no passes,0.1741,34,60,1200,27.135,True,suite
sort_key_only_column,all passes,0.1868,5,60,180,8.0872,True,suite
sort_key_only_column,without predicate_pushdown,0.1845,5,60,180,8.0872,True,suite
sort_key_only_column,without join_reordering,0.1907,5,60,180,8.0872,True,suite
sort_key_only_column,without column_pruning,0.3477,5,60,1200,24.8812,True,suite
sort_key_only_column,without constant_folding,0.1897,5,60,180,8.0872,True,suite
sort_key_only_column,no passes,0.345,5,60,1200,24.8812,True,suite
nested_projects,all passes,0.0704,60,60,60,0.24,True,suite
nested_projects,without predicate_pushdown,0.0696,60,60,60,0.24,True,suite
nested_projects,without join_reordering,0.0693,60,60,60,0.24,True,suite
nested_projects,without column_pruning,0.3556,60,60,1200,12.735,True,suite
nested_projects,without constant_folding,0.1203,60,60,60,0.24,True,suite
nested_projects,no passes,0.3646,60,60,1200,12.735,True,suite
aggregate_unused_aggs,all passes,0.1168,4,60,120,23.3108,True,suite
aggregate_unused_aggs,without predicate_pushdown,0.116,4,60,120,23.3108,True,suite
aggregate_unused_aggs,without join_reordering,0.1164,4,60,120,23.3108,True,suite
aggregate_unused_aggs,without column_pruning,0.2953,4,60,1200,32.0948,True,suite
aggregate_unused_aggs,without constant_folding,0.1245,4,60,120,23.3108,True,suite
aggregate_unused_aggs,no passes,0.2929,4,60,1200,32.0948,True,suite
having_on_aggregate,all passes,0.127,4,60,120,23.4078,True,suite
having_on_aggregate,without predicate_pushdown,0.1285,4,60,120,23.4078,True,suite
having_on_aggregate,without join_reordering,0.1267,4,60,120,23.4078,True,suite
having_on_aggregate,without column_pruning,0.229,4,60,1200,31.9878,True,suite
having_on_aggregate,without constant_folding,0.1293,4,60,120,23.4078,True,suite
having_on_aggregate,no passes,0.2267,4,60,1200,31.9878,True,suite
having_names_an_aggregate_the_select_list_drops,all passes,0.0919,3,60,60,23.1678,True,suite
having_names_an_aggregate_the_select_list_drops,without predicate_pushdown,0.092,3,60,60,23.1678,True,suite
having_names_an_aggregate_the_select_list_drops,without join_reordering,0.0943,3,60,60,23.1678,True,suite
having_names_an_aggregate_the_select_list_drops,without column_pruning,0.159,3,60,1200,31.6878,True,suite
having_names_an_aggregate_the_select_list_drops,without constant_folding,0.0933,3,60,60,23.1678,True,suite
having_names_an_aggregate_the_select_list_drops,no passes,0.1599,3,60,1200,31.6878,True,suite
order_by_an_aggregate_the_select_list_drops,all passes,0.1338,4,60,120,23.422,True,suite
order_by_an_aggregate_the_select_list_drops,without predicate_pushdown,0.1391,4,60,120,23.422,True,suite
order_by_an_aggregate_the_select_list_drops,without join_reordering,0.2139,4,60,120,23.422,True,suite
order_by_an_aggregate_the_select_list_drops,without column_pruning,0.3787,4,60,1200,31.702,True,suite
order_by_an_aggregate_the_select_list_drops,without constant_folding,0.2098,4,60,120,23.422,True,suite
order_by_an_aggregate_the_select_list_drops,no passes,0.2348,4,60,1200,31.702,True,suite
group_by_without_aggs,all passes,0.0775,4,60,60,22.8188,True,suite
group_by_without_aggs,without predicate_pushdown,0.077,4,60,60,22.8188,True,suite
group_by_without_aggs,without join_reordering,0.0776,4,60,60,22.8188,True,suite
group_by_without_aggs,without column_pruning,0.1535,4,60,1200,31.5908,True,suite
group_by_without_aggs,without constant_folding,0.0818,4,60,60,22.8188,True,suite
group_by_without_aggs,no passes,0.1532,4,60,1200,31.5908,True,suite
count_star,all passes,0.0443,1,60,60,0.33,True,suite
count_star,without predicate_pushdown,0.0446,1,60,60,0.33,True,suite
count_star,without join_reordering,0.0449,1,60,60,0.33,True,suite
count_star,without column_pruning,0.0766,1,60,1200,12.81,True,suite
count_star,without constant_folding,0.0443,1,60,60,0.33,True,suite
count_star,no passes,0.0779,1,60,1200,12.81,True,suite
constant_over_global_aggregate,all passes,0.0467,1,60,60,0.33,True,suite
constant_over_global_aggregate,without predicate_pushdown,0.0463,1,60,60,0.33,True,suite
constant_over_global_aggregate,without join_reordering,0.0466,1,60,60,0.33,True,suite
constant_over_global_aggregate,without column_pruning,0.1441,1,60,1200,12.9,True,suite
constant_over_global_aggregate,without constant_folding,0.0465,1,60,60,0.33,True,suite
constant_over_global_aggregate,no passes,0.1465,1,60,1200,12.9,True,suite
join_condition_only_columns,all passes,0.858,31,52,104,41.48,True,suite
join_condition_only_columns,without predicate_pushdown,0.793,31,52,104,41.48,True,suite
join_condition_only_columns,without join_reordering,0.7978,31,52,104,41.48,True,suite
join_condition_only_columns,without column_pruning,1.0666,31,52,260,46.664,True,suite
join_condition_only_columns,without constant_folding,0.804,31,52,104,41.48,True,suite
join_condition_only_columns,no passes,1.0327,31,52,260,46.664,True,suite
left_join,all passes,0.8011,34,52,104,41.4988,True,suite
left_join,without predicate_pushdown,0.7765,34,52,104,41.4988,True,suite
left_join,without join_reordering,0.7816,34,52,104,41.4988,True,suite
left_join,without column_pruning,1.0215,34,52,260,46.711,True,suite
left_join,without constant_folding,0.784,34,52,104,41.4988,True,suite
left_join,no passes,0.9923,34,52,260,46.711,True,suite
colliding_names,all passes,0.0374,4,8,16,5.755,True,suite
colliding_names,without predicate_pushdown,0.0374,4,8,16,5.755,True,suite
colliding_names,without join_reordering,0.0368,4,8,16,5.755,True,suite
colliding_names,without column_pruning,0.0409,4,8,29,5.8599,True,suite
colliding_names,without constant_folding,0.0367,4,8,16,5.755,True,suite
colliding_names,no passes,0.0415,4,8,29,5.8599,True,suite
three_way_join_unqualified,all passes,0.8804,4,57,114,66.6551,True,suite
three_way_join_unqualified,without predicate_pushdown,0.8802,4,57,114,66.6551,True,suite
three_way_join_unqualified,without join_reordering,1.1285,4,57,114,89.3015,True,suite
three_way_join_unqualified,without column_pruning,2.2551,4,57,275,73.7707,True,suite
three_way_join_unqualified,without constant_folding,1.6761,4,57,114,66.6551,True,suite
three_way_join_unqualified,no passes,2.5164,4,57,275,97.3195,True,suite
three_way_join_qualified,all passes,1.7864,4,57,114,67.0311,True,suite
three_way_join_qualified,without predicate_pushdown,1.8353,4,57,114,67.0311,True,suite
three_way_join_qualified,without join_reordering,1.9851,4,57,114,89.6775,True,suite
three_way_join_qualified,without column_pruning,1.1987,4,57,275,73.7707,True,suite
three_way_join_qualified,without constant_folding,0.9981,4,57,114,67.0311,True,suite
three_way_join_qualified,no passes,1.3749,4,57,275,97.3195,True,suite
filter_over_join_unqualified,all passes,0.2751,15,52,104,18.7455,True,suite
filter_over_join_unqualified,without predicate_pushdown,0.8475,15,52,104,42.45,True,suite
filter_over_join_unqualified,without join_reordering,0.2731,15,52,104,18.7455,True,suite
filter_over_join_unqualified,without column_pruning,0.3508,15,52,260,23.8561,True,suite
filter_over_join_unqualified,without constant_folding,0.273,15,52,104,18.7455,True,suite
filter_over_join_unqualified,no passes,0.998,15,52,260,51.474,True,suite
sorted_join,all passes,0.8245,31,52,104,43.8145,True,suite
sorted_join,without predicate_pushdown,0.7908,31,52,104,43.8145,True,suite
sorted_join,without join_reordering,0.8452,31,52,104,43.8145,True,suite
sorted_join,without column_pruning,1.0214,31,52,260,50.5025,True,suite
sorted_join,without constant_folding,0.8307,31,52,104,43.8145,True,suite
sorted_join,no passes,1.1384,31,52,260,50.5025,True,suite
stacked_filters,all passes,0.2355,18,60,1200,27.165,True,suite
stacked_filters,without predicate_pushdown,0.2296,18,60,1200,38.3467,True,suite
stacked_filters,without join_reordering,0.2311,18,60,1200,27.165,True,suite
stacked_filters,without column_pruning,0.2329,18,60,1200,27.165,True,suite
stacked_filters,without constant_folding,0.2357,18,60,1200,27.165,True,suite
stacked_filters,no passes,0.235,18,60,1200,38.3467,True,suite
filter_merges_with_pushed_predicate,all passes,0.2113,25,60,180,1.485,True,suite
filter_merges_with_pushed_predicate,without predicate_pushdown,0.1768,25,60,180,3.3088,True,suite
filter_merges_with_pushed_predicate,without join_reordering,0.2131,25,60,180,1.485,True,suite
filter_merges_with_pushed_predicate,without column_pruning,0.2672,25,60,1200,27.165,True,suite
filter_merges_with_pushed_predicate,without constant_folding,0.231,25,60,180,1.485,True,suite
filter_merges_with_pushed_predicate,no passes,0.2438,25,60,1200,38.3679,True,suite
filter_through_computed_project,all passes,0.2545,28,60,180,2.915,True,suite
filter_through_computed_project,without predicate_pushdown,0.2207,28,60,180,2.19,True,suite
filter_through_computed_project,without join_reordering,0.2565,28,60,180,2.915,True,suite
filter_through_computed_project,without column_pruning,0.3238,28,60,1200,27.155,True,suite
filter_through_computed_project,without constant_folding,0.2614,28,60,180,2.915,True,suite
filter_through_computed_project,no passes,0.3458,28,60,1200,14.19,True,suite
filter_through_sort,all passes,0.1246,19,60,120,3.7135,True,suite
filter_through_sort,without predicate_pushdown,0.1515,19,60,120,9.0202,True,suite
filter_through_sort,without join_reordering,0.1261,19,60,120,3.7135,True,suite
filter_through_sort,without column_pruning,0.189,19,60,1200,28.9135,True,suite
filter_through_sort,without constant_folding,0.1509,19,60,120,3.7135,True,suite
filter_through_sort,no passes,0.341,19,60,1200,21.2602,True,suite
filter_above_limit_must_not_push,all passes,0.0704,5,60,120,4.5471,True,suite
filter_above_limit_must_not_push,without predicate_pushdown,0.0794,5,60,120,4.5471,True,suite
filter_above_limit_must_not_push,without join_reordering,0.0714,5,60,120,4.5471,True,suite
filter_above_limit_must_not_push,without column_pruning,0.2539,5,60,1200,16.7871,True,suite
filter_above_limit_must_not_push,without constant_folding,0.1743,5,60,120,4.5471,True,suite
filter_above_limit_must_not_push,no passes,0.2555,5,60,1200,16.7871,True,suite
where_splits_across_inner_join,all passes,0.5212,6,52,168,18.0176,True,suite
where_splits_across_inner_join,without predicate_pushdown,1.1478,6,52,168,46.032,True,suite
where_splits_across_inner_join,without join_reordering,0.5615,6,52,168,18.0176,True,suite
where_splits_across_inner_join,without column_pruning,0.6343,6,52,260,22.8447,True,suite
where_splits_across_inner_join,without constant_folding,0.5246,6,52,168,18.0176,True,suite
where_splits_across_inner_join,no passes,1.1166,6,52,260,51.524,True,suite
single_side_on_conjuncts_of_inner_join,all passes,0.3934,14,52,144,22.0614,True,suite
single_side_on_conjuncts_of_inner_join,without predicate_pushdown,2.1553,14,52,144,43.0332,True,suite
single_side_on_conjuncts_of_inner_join,without join_reordering,0.3937,14,52,144,22.0614,True,suite
single_side_on_conjuncts_of_inner_join,without column_pruning,0.5173,14,52,260,26.5641,True,suite
single_side_on_conjuncts_of_inner_join,without constant_folding,0.3963,14,52,144,22.0614,True,suite
single_side_on_conjuncts_of_inner_join,no passes,5.0728,14,52,260,45.3584,True,suite
filter_through_three_way_join,all passes,1.2031,20,57,114,22.2813,True,suite
filter_through_three_way_join,without predicate_pushdown,2.035,20,57,114,55.0336,True,suite
filter_through_three_way_join,without join_reordering,1.9519,20,57,114,55.2955,True,suite
filter_through_three_way_join,without column_pruning,1.5936,20,57,275,27.4975,True,suite
filter_through_three_way_join,without constant_folding,1.1813,20,57,114,22.2813,True,suite
filter_through_three_way_join,no passes,2.8138,20,57,275,90.978,True,suite
left_join_where_on_preserved_side,all passes,0.6266,15,52,116,19.7979,True,suite
left_join_where_on_preserved_side,without predicate_pushdown,1.8864,15,52,116,44.0177,True,suite
left_join_where_on_preserved_side,without join_reordering,0.2975,15,52,116,19.7979,True,suite
left_join_where_on_preserved_side,without column_pruning,0.3882,15,52,260,23.8561,True,suite
left_join_where_on_preserved_side,without constant_folding,0.2877,15,52,116,19.7979,True,suite
left_join_where_on_preserved_side,no passes,0.9976,15,52,260,51.6412,True,suite
left_join_null_rejecting_where_becomes_inner,all passes,0.5288,20,52,104,29.336,True,suite
left_join_null_rejecting_where_becomes_inner,without predicate_pushdown,0.8229,20,52,104,42.4931,True,suite
left_join_null_rejecting_where_becomes_inner,without join_reordering,0.5297,20,52,104,29.336,True,suite
left_join_null_rejecting_where_becomes_inner,without column_pruning,0.6941,20,52,260,35.5028,True,suite
left_join_null_rejecting_where_becomes_inner,without constant_folding,0.5306,20,52,104,29.336,True,suite
left_join_null_rejecting_where_becomes_inner,no passes,1.0031,20,52,260,51.6412,True,suite
left_join_is_null_must_not_push,all passes,0.7749,3,52,104,43.4771,True,suite
left_join_is_null_must_not_push,without predicate_pushdown,0.8071,3,52,104,42.4931,True,suite
left_join_is_null_must_not_push,without join_reordering,1.4126,3,52,104,43.4771,True,suite
left_join_is_null_must_not_push,without column_pruning,1.8154,3,52,260,51.6412,True,suite
left_join_is_null_must_not_push,without constant_folding,1.4274,3,52,104,43.4771,True,suite
left_join_is_null_must_not_push,no passes,1.2906,3,52,260,51.6412,True,suite
left_join_or_with_preserved_side_must_not_push,all passes,0.842,21,52,104,43.4976,True,suite
left_join_or_with_preserved_side_must_not_push,without predicate_pushdown,0.8883,21,52,104,42.5136,True,suite
left_join_or_with_preserved_side_must_not_push,without join_reordering,0.8506,21,52,104,43.4976,True,suite
left_join_or_with_preserved_side_must_not_push,without column_pruning,1.1601,21,52,260,51.6617,True,suite
left_join_or_with_preserved_side_must_not_push,without constant_folding,0.9062,21,52,104,43.4976,True,suite
left_join_or_with_preserved_side_must_not_push,no passes,1.0979,21,52,260,51.6617,True,suite
left_join_on_conjuncts,all passes,0.8201,16,52,156,24.5567,True,suite
left_join_on_conjuncts,without predicate_pushdown,2.2744,16,52,156,44.7264,True,suite
left_join_on_conjuncts,without join_reordering,0.813,16,52,156,24.5567,True,suite
left_join_on_conjuncts,without column_pruning,0.9653,16,52,260,26.6947,True,suite
left_join_on_conjuncts,without constant_folding,0.8295,16,52,156,24.5567,True,suite
left_join_on_conjuncts,no passes,2.704,16,52,260,45.368,True,suite
having_splits_on_group_key,all passes,0.2012,2,60,120,20.1208,True,suite
having_splits_on_group_key,without predicate_pushdown,0.1302,2,60,120,23.4098,True,suite
having_splits_on_group_key,without join_reordering,0.2049,2,60,120,20.1208,True,suite
having_splits_on_group_key,without column_pruning,0.2759,2,60,1200,41.3608,True,suite
having_splits_on_group_key,without constant_folding,0.204,2,60,120,20.1208,True,suite
having_splits_on_group_key,no passes,0.2322,2,60,1200,31.6898,True,suite
having_on_an_aggregate_of_a_group_key_must_not_push,all passes,0.1295,1,60,60,23.1678,True,suite
having_on_an_aggregate_of_a_group_key_must_not_push,without predicate_pushdown,0.1276,1,60,60,23.1678,True,suite
having_on_an_aggregate_of_a_group_key_must_not_push,without join_reordering,0.1257,1,60,60,23.1678,True,suite
having_on_an_aggregate_of_a_group_key_must_not_push,without column_pruning,0.2352,1,60,1200,31.6878,True,suite
having_on_an_aggregate_of_a_group_key_must_not_push,without constant_folding,0.1262,1,60,60,23.1678,True,suite
having_on_an_aggregate_of_a_group_key_must_not_push,no passes,0.2347,1,60,1200,31.6878,True,suite
having_mixes_an_aggregate_and_a_group_key,all passes,0.2141,2,60,120,20.1208,True,suite
having_mixes_an_aggregate_and_a_group_key,without predicate_pushdown,0.1399,2,60,120,23.4098,True,suite
having_mixes_an_aggregate_and_a_group_key,without join_reordering,0.2129,2,60,120,20.1208,True,suite
having_mixes_an_aggregate_and_a_group_key,without column_pruning,0.296,2,60,1200,41.3608,True,suite
having_mixes_an_aggregate_and_a_group_key,without constant_folding,0.2114,2,60,120,20.1208,True,suite
having_mixes_an_aggregate_and_a_group_key,no passes,0.2436,2,60,1200,31.6898,True,suite
constant_false_over_global_aggregate_must_not_push,all passes,0.0461,0,0,0,0.0,True,suite
constant_false_over_global_aggregate_must_not_push,without predicate_pushdown,0.0461,0,0,0,0.0,True,suite
constant_false_over_global_aggregate_must_not_push,without join_reordering,0.0457,0,0,0,0.0,True,suite
constant_false_over_global_aggregate_must_not_push,without column_pruning,0.0785,0,0,0,0.0,True,suite
constant_false_over_global_aggregate_must_not_push,without constant_folding,0.0475,0,60,60,0.3422,True,suite
constant_false_over_global_aggregate_must_not_push,no passes,0.0806,0,60,1200,12.8223,True,suite
filter_through_project_over_join,all passes,0.2222,5,52,104,16.2721,True,suite
filter_through_project_over_join,without predicate_pushdown,0.9001,5,52,104,42.47,True,suite
filter_through_project_over_join,without join_reordering,0.4315,5,52,104,16.2721,True,suite
filter_through_project_over_join,without column_pruning,0.5105,5,52,260,22.5097,True,suite
filter_through_project_over_join,without constant_folding,0.4433,5,52,104,16.2721,True,suite
filter_through_project_over_join,no passes,2.1842,5,52,260,47.654,True,suite
constant_arithmetic_in_filter,all passes,0.2106,41,60,120,1.215,True,suite
constant_arithmetic_in_filter,without predicate_pushdown,0.2229,41,60,120,1.935,True,suite
constant_arithmetic_in_filter,without join_reordering,0.1873,41,60,120,1.215,True,suite
constant_arithmetic_in_filter,without column_pruning,0.1957,41,60,1200,27.135,True,suite
constant_arithmetic_in_filter,without constant_folding,0.1754,41,60,120,1.215,True,suite
constant_arithmetic_in_filter,no passes,0.4485,41,60,1200,27.15,True,suite
constant_date_comparison,all passes,0.1996,22,60,120,5.175,True,suite
constant_date_comparison,without predicate_pushdown,0.2047,22,60,120,5.895,True,suite
constant_date_comparison,without join_reordering,0.1981,22,60,120,5.175,True,suite
constant_date_comparison,without column_pruning,0.2865,22,60,1200,27.135,True,suite
constant_date_comparison,without constant_folding,0.2674,22,60,120,5.3587,True,suite
constant_date_comparison,no passes,0.4376,22,60,1200,27.165,True,suite
or_true_removes_the_filter,all passes,0.0387,60,60,60,0.24,True,suite
or_true_removes_the_filter,without predicate_pushdown,0.0387,60,60,60,0.24,True,suite
or_true_removes_the_filter,without join_reordering,0.0392,60,60,60,0.24,True,suite
or_true_removes_the_filter,without column_pruning,0.2681,60,60,1200,12.72,True,suite
or_true_removes_the_filter,without constant_folding,0.4248,60,60,120,0.96,True,suite
or_true_removes_the_filter,no passes,0.5725,60,60,1200,27.165,True,suite
double_negation,all passes,0.2478,35,60,120,1.215,True,suite
double_negation,without predicate_pushdown,0.227,35,60,120,1.935,True,suite
double_negation,without join_reordering,0.2078,35,60,120,1.215,True,suite
double_negation,without column_pruning,0.3655,35,60,1200,27.135,True,suite
double_negation,without constant_folding,0.3381,35,60,120,1.215,True,suite
double_negation,no passes,0.5239,35,60,1200,27.165,True,suite
contradiction_on_equalities,all passes,0.0497,0,0,0,0.0,True,suite
contradiction_on_equalities,without predicate_pushdown,0.0448,0,0,0,0.0,True,suite
contradiction_on_equalities,without join_reordering,0.0501,0,0,0,0.0,True,suite
contradiction_on_equalities,without column_pruning,0.1482,0,0,0,0.0,True,suite
contradiction_on_equalities,without constant_folding,0.2784,0,60,120,1.245,True,suite
contradiction_on_equalities,no passes,0.4011,0,60,1200,27.165,True,suite
contradiction_on_range,all passes,0.0303,0,0,0,0.0,True,suite
contradiction_on_range,without predicate_pushdown,0.0298,0,0,0,0.0,True,suite
contradiction_on_range,without join_reordering,0.0298,0,0,0,0.0,True,suite
contradiction_on_range,without column_pruning,0.1475,0,0,0,0.0,True,suite
contradiction_on_range,without constant_folding,0.2034,0,60,120,1.245,True,suite
contradiction_on_range,no passes,0.2734,0,60,1200,27.165,True,suite
satisfiable_point_range,all passes,0.2075,7,60,120,1.245,True,suite
satisfiable_point_range,without predicate_pushdown,0.1582,7,60,120,1.965,True,suite
satisfiable_point_range,without join_reordering,0.2035,7,60,120,1.245,True,suite
satisfiable_point_range,without column_pruning,0.2243,7,60,1200,27.165,True,suite
satisfiable_point_range,without constant_folding,0.2087,7,60,120,1.245,True,suite
satisfiable_point_range,no passes,0.2693,7,60,1200,27.165,True,suite
null_comparison_rejects_every_row,all passes,0.0311,0,0,0,0.0,True,suite
null_comparison_rejects_every_row,without predicate_pushdown,0.0301,0,0,0,0.0,True,suite
null_comparison_rejects_every_row,without join_reordering,0.0306,0,0,0,0.0,True,suite
null_comparison_rejects_every_row,without column_pruning,0.148,0,0,0,0.0,True,suite
null_comparison_rejects_every_row,without constant_folding,0.2027,0,60,180,5.19,True,suite
null_comparison_rejects_every_row,no passes,0.2636,0,60,1200,27.165,True,suite
false_filter_over_join_and_sort,all passes,0.8222,0,0,0,0.0,True,suite
false_filter_over_join_and_sort,without predicate_pushdown,0.8202,0,0,0,0.0,True,suite
false_filter_over_join_and_sort,without join_reordering,0.7966,0,0,0,0.0,True,suite
false_filter_over_join_and_sort,without column_pruning,1.0511,0,0,0,0.0,True,suite
false_filter_over_join_and_sort,without constant_folding,0.7951,0,52,104,42.45,True,suite
false_filter_over_join_and_sort,no passes,0.9626,0,52,260,51.474,True,suite
empty_side_of_inner_join,all passes,0.7705,0,0,0,0.0,True,suite
empty_side_of_inner_join,without predicate_pushdown,0.7222,0,0,0,0.0,True,suite
empty_side_of_inner_join,without join_reordering,0.7212,0,0,0,0.0,True,suite
empty_side_of_inner_join,without column_pruning,0.987,0,0,0,0.0,True,suite
empty_side_of_inner_join,without constant_folding,0.0328,0,52,92,5.315,True,suite
empty_side_of_inner_join,no passes,0.0381,0,52,260,10.787,True,suite
empty_right_side_of_left_join_must_not_lift,all passes,0.0482,12,12,24,2.5536,True,suite
empty_right_side_of_left_join_must_not_lift,without predicate_pushdown,0.0478,12,12,24,2.5536,True,suite
empty_right_side_of_left_join_must_not_lift,without join_reordering,0.048,12,12,24,2.5536,True,suite
empty_right_side_of_left_join_must_not_lift,without column_pruning,0.0575,12,12,60,3.828,True,suite
empty_right_side_of_left_join_must_not_lift,without constant_folding,0.0658,12,52,104,3.8436,True,suite
empty_right_side_of_left_join_must_not_lift,no passes,0.075,12,52,260,9.678,True,suite
global_aggregate_over_empty_must_not_lift,all passes,0.0357,1,0,0,0.0,True,suite
global_aggregate_over_empty_must_not_lift,without predicate_pushdown,0.036,1,0,0,0.0,True,suite
global_aggregate_over_empty_must_not_lift,without join_reordering,0.0353,1,0,0,0.0,True,suite
global_aggregate_over_empty_must_not_lift,without column_pruning,0.0699,1,0,0,0.0,True,suite
global_aggregate_over_empty_must_not_lift,without constant_folding,0.2048,1,60,120,1.245,True,suite
global_aggregate_over_empty_must_not_lift,no passes,0.2595,1,60,1200,27.165,True,suite
grouped_aggregate_over_empty,all passes,0.0816,0,0,0,0.0,True,suite
grouped_aggregate_over_empty,without predicate_pushdown,0.0809,0,0,0,0.0,True,suite
grouped_aggregate_over_empty,without join_reordering,0.0859,0,0,0,0.0,True,suite
grouped_aggregate_over_empty,without column_pruning,0.1506,0,0,0,0.0,True,suite
grouped_aggregate_over_empty,without constant_folding,0.0595,0,60,60,4.935,True,suite
grouped_aggregate_over_empty,no passes,0.0919,0,60,1200,27.135,True,suite
limit_zero,all passes,0.0633,0,0,0,0.0,True,suite
limit_zero,without predicate_pushdown,0.0674,0,0,0,0.0,True,suite
limit_zero,without join_reordering,0.0652,0,0,0,0.0,True,suite
limit_zero,without column_pruning,0.1804,0,0,0,0.0,True,suite
limit_zero,without constant_folding,0.1045,0,60,60,3.7826,True,suite
limit_zero,no passes,0.1734,0,60,1200,16.2626,True,suite
folded_select_expressions,all passes,0.1353,60,60,60,0.255,True,suite
folded_select_expressions,without predicate_pushdown,0.1346,60,60,60,0.255,True,suite
folded_select_expressions,without join_reordering,0.1344,60,60,60,0.255,True,suite
folded_select_expressions,without column_pruning,0.2029,60,60,1200,12.735,True,suite
folded_select_expressions,without constant_folding,0.2114,60,60,60,0.3,True,suite
folded_select_expressions,no passes,0.2807,60,60,1200,12.78,True,suite
contradiction_in_select_must_stay,all passes,0.2041,60,60,120,0.525,True,suite
contradiction_in_select_must_stay,without predicate_pushdown,0.2012,60,60,120,0.525,True,suite
contradiction_in_select_must_stay,without join_reordering,0.2029,60,60,120,0.525,True,suite
contradiction_in_select_must_stay,without column_pruning,0.3335,60,60,1200,12.765,True,suite
contradiction_in_select_must_stay,without constant_folding,0.2031,60,60,120,0.525,True,suite
contradiction_in_select_must_stay,no passes,0.3346,60,60,1200,12.765,True,suite
noop_project_over_scan,all passes,0.0037,5,5,20,0.41,True,suite
noop_project_over_scan,without predicate_pushdown,0.0038,5,5,20,0.41,True,suite
noop_project_over_scan,without join_reordering,0.0037,5,5,20,0.41,True,suite
noop_project_over_scan,without column_pruning,0.004,5,5,20,0.41,True,suite
noop_project_over_scan,without constant_folding,0.018,5,5,20,0.41,True,suite
noop_project_over_scan,no passes,0.0181,5,5,20,0.41,True,suite
constant_conjuncts_in_join_and_scan,all passes,0.7117,31,52,92,40.452,True,suite
constant_conjuncts_in_join_and_scan,without predicate_pushdown,0.7119,31,52,92,40.452,True,suite
constant_conjuncts_in_join_and_scan,without join_reordering,0.7162,31,52,92,40.452,True,suite
constant_conjuncts_in_join_and_scan,without column_pruning,0.9684,31,52,260,46.664,True,suite
constant_conjuncts_in_join_and_scan,without constant_folding,1.1833,31,52,92,41.412,True,suite
constant_conjuncts_in_join_and_scan,no passes,1.4071,31,52,260,49.064,True,suite
null_and_in_select_must_stay,all passes,0.1569,60,60,120,0.51,True,suite
null_and_in_select_must_stay,without predicate_pushdown,0.1589,60,60,120,0.51,True,suite
null_and_in_select_must_stay,without join_reordering,0.1554,60,60,120,0.51,True,suite
null_and_in_select_must_stay,without column_pruning,0.2564,60,60,1200,12.75,True,suite
null_and_in_select_must_stay,without constant_folding,0.1563,60,60,120,0.51,True,suite
null_and_in_select_must_stay,no passes,0.256,60,60,1200,12.75,True,suite
reordering_project_must_stay,all passes,0.0189,5,5,20,0.41,True,suite
reordering_project_must_stay,without predicate_pushdown,0.0182,5,5,20,0.41,True,suite
reordering_project_must_stay,without join_reordering,0.0188,5,5,20,0.41,True,suite
reordering_project_must_stay,without column_pruning,0.0188,5,5,20,0.41,True,suite
reordering_project_must_stay,without constant_folding,0.0178,5,5,20,0.41,True,suite
reordering_project_must_stay,no passes,0.0185,5,5,20,0.41,True,suite
five_way_join_in_a_bad_order,all passes,0.8605,5,142,291,65.7808,True,suite
five_way_join_in_a_bad_order,without predicate_pushdown,5.214,5,142,291,157.8385,True,suite
five_way_join_in_a_bad_order,without join_reordering,7.5048,5,142,291,259.1972,True,suite
five_way_join_in_a_bad_order,without column_pruning,1.3022,5,142,605,60.1991,True,suite
five_way_join_in_a_bad_order,without constant_folding,0.8239,5,142,291,65.7808,True,suite
five_way_join_in_a_bad_order,no passes,9.6557,5,142,605,342.128,True,suite
comma_join_with_a_cross_product,all passes,0.9074,31,57,114,54.0636,True,suite
comma_join_with_a_cross_product,without predicate_pushdown,9.0739,31,57,114,246.3096,True,suite
comma_join_with_a_cross_product,without join_reordering,8.7522,31,57,114,64.566,True,suite
comma_join_with_a_cross_product,without column_pruning,1.2667,31,57,275,61.1792,True,suite
comma_join_with_a_cross_product,without constant_folding,0.9156,31,57,114,54.0636,True,suite
comma_join_with_a_cross_product,no passes,11.3397,31,57,275,538.58,True,suite
forced_cross_product,all passes,0.0477,6,13,26,4.3684,True,suite
forced_cross_product,without predicate_pushdown,0.1041,6,13,26,8.1659,True,suite
forced_cross_product,without join_reordering,0.0471,6,13,26,4.3684,True,suite
forced_cross_product,without column_pruning,0.0526,6,13,44,4.943,True,suite
forced_cross_product,without constant_folding,0.0472,6,13,26,4.3684,True,suite
forced_cross_product,no passes,0.116,6,13,44,9.7413,True,suite
three_relation_conjunct,all passes,2.558,7,57,161,53.5756,True,suite
three_relation_conjunct,without predicate_pushdown,1.1013,7,57,161,56.2476,True,suite
three_relation_conjunct,without join_reordering,1.637,7,57,161,76.5353,True,suite
three_relation_conjunct,without column_pruning,3.1403,7,57,275,59.5799,True,suite
three_relation_conjunct,without constant_folding,2.6183,7,57,161,53.5756,True,suite
three_relation_conjunct,no passes,1.4416,7,57,275,90.998,True,suite
join_region_under_aggregate,all passes,2.6103,3,142,319,92.7134,True,suite
join_region_under_aggregate,without predicate_pushdown,5.2414,3,142,319,168.1396,True,suite
join_region_under_aggregate,without join_reordering,3.839,3,142,319,139.9574,True,suite
join_region_under_aggregate,without column_pruning,4.1707,3,142,605,100.705,True,suite
join_region_under_aggregate,without constant_folding,2.6629,3,142,319,92.7134,True,suite
join_region_under_aggregate,no passes,9.7201,3,142,605,350.5255,True,suite
join_region_inside_left_join,all passes,1.2916,33,62,131,91.1688,True,suite
join_region_inside_left_join,without predicate_pushdown,1.2806,33,62,131,91.1688,True,suite
join_region_inside_left_join,without join_reordering,1.498,33,62,131,113.9468,True,suite
join_region_inside_left_join,without column_pruning,1.6398,33,62,285,99.6697,True,suite
join_region_inside_left_join,without constant_folding,1.3063,33,62,131,91.1688,True,suite
join_region_inside_left_join,no passes,1.7619,33,62,285,123.2185,True,suite
left_join_inside_join_region,all passes,1.2824,34,62,141,87.3732,True,suite
left_join_inside_join_region,without predicate_pushdown,1.2649,34,62,141,87.3732,True,suite
left_join_inside_join_region,without join_reordering,1.6349,34,62,141,116.8519,True,suite
left_join_inside_join_region,without column_pruning,1.5221,34,62,285,94.079,True,suite
left_join_inside_join_region,without constant_folding,1.3253,34,62,141,87.3732,True,suite
left_join_inside_join_region,no passes,1.9336,34,62,285,124.9066,True,suite
nested_join_regions,all passes,2.2806,2,142,296,76.5554,True,suite
nested_join_regions,without predicate_pushdown,5.1511,2,142,296,158.3544,True,suite
nested_join_regions,without join_reordering,5.7087,2,142,296,141.9501,True,suite
nested_join_regions,without column_pruning,3.1366,2,142,605,80.2203,True,suite
nested_join_regions,without constant_folding,2.2046,2,142,296,76.5554,True,suite
nested_join_regions,no passes,8.5163,2,142,605,211.5887,True,suite
nine_way_chain,all passes,0.3046,3,54,108,54.6291,True,suite
nine_way_chain,without predicate_pushdown,0.5863,3,54,108,71.2083,True,suite
nine_way_chain,without join_reordering,0.5106,3,54,108,64.6803,True,suite
nine_way_chain,without column_pruning,0.3392,3,54,108,22.5879,True,suite
nine_way_chain,without constant_folding,0.2978,3,54,108,54.6291,True,suite
nine_way_chain,no passes,0.6233,3,54,108,73.8111,True,suite
join_output_order_is_the_result,all passes,6.625,25,132,580,133.8961,True,suite
join_output_order_is_the_result,without predicate_pushdown,8.0778,25,132,580,189.372,True,suite
join_output_order_is_the_result,without join_reordering,6.7743,25,132,580,133.8961,True,suite
join_output_order_is_the_result,without column_pruning,6.9312,25,132,580,133.8961,True,suite
join_output_order_is_the_result,without constant_folding,6.6849,25,132,580,133.8961,True,suite
join_output_order_is_the_result,no passes,8.2616,25,132,580,189.372,True,suite
