query,configuration,runtime_ms,rows_scanned,peak_memory_kb
q01,interpreted_unoptimized,0.416,100,8.34
q01,interpreted_optimized,0.345,100,7.45
q01,compiled_unoptimized,0.046,100,7.93
q01,compiled_optimized,0.043,100,7.93
q02,interpreted_unoptimized,11.964,1000,249.42
q02,interpreted_optimized,12.049,1000,249.37
q02,compiled_unoptimized,0.094,1000,41.86
q02,compiled_optimized,0.095,1000,41.86
q03,interpreted_unoptimized,2.394,250,27.27
q03,interpreted_optimized,2.201,250,27.1
q03,compiled_unoptimized,0.065,250,14.03
q03,compiled_optimized,0.069,250,13.98
q04,interpreted_unoptimized,0.943,100,8.65
q04,interpreted_optimized,0.971,100,8.63
q04,compiled_unoptimized,0.058,100,8.17
q04,compiled_optimized,0.055,100,8.17
q05,interpreted_unoptimized,26.374,1000,217.89
q05,interpreted_optimized,24.726,1000,257.74
q05,compiled_unoptimized,0.117,1000,67.99
q05,compiled_optimized,0.114,1000,67.99
q06,interpreted_unoptimized,0.812,100,7.66
q06,interpreted_optimized,0.762,100,7.45
q06,compiled_unoptimized,0.048,100,8.25
q06,compiled_optimized,0.046,100,8.25
q07,interpreted_unoptimized,3.899,350,73.76
q07,interpreted_optimized,1.514,350,38.05
q07,compiled_unoptimized,0.151,350,64.41
q07,compiled_optimized,0.083,350,21.93
q08,interpreted_unoptimized,15.676,1100,521.88
q08,interpreted_optimized,4.254,1100,218.18
q08,compiled_unoptimized,0.424,1100,259.98
q08,compiled_optimized,0.154,1100,42.43
q09,interpreted_unoptimized,17.709,1250,562.43
q09,interpreted_optimized,6.045,1250,137.01
q09,compiled_unoptimized,0.466,1250,300.19
q09,compiled_optimized,0.23,1250,67.79
q10,interpreted_unoptimized,26.499,1350,776.04
q10,interpreted_optimized,2.533,1350,87.39
q10,compiled_unoptimized,0.811,1350,558.75
q10,compiled_optimized,0.183,1350,33.39
q11,interpreted_unoptimized,28.546,1350,800.73
q11,interpreted_optimized,6.559,1350,110.56
q11,compiled_unoptimized,0.884,1350,637.85
q11,compiled_optimized,0.356,1350,140.8
q12,interpreted_unoptimized,19.828,1350,879.71
q12,interpreted_optimized,4.546,1350,249.8
q12,compiled_unoptimized,0.543,1350,384.11
q12,compiled_optimized,0.17,1350,42.18
q13,interpreted_unoptimized,3.611,1000,329.65
q13,interpreted_optimized,3.463,1000,94.23
q13,compiled_unoptimized,0.26,1000,115.54
q13,compiled_optimized,0.243,1000,110.04
q14,interpreted_unoptimized,0.506,100,18.68
q14,interpreted_optimized,0.436,100,18.11
q14,compiled_unoptimized,0.062,100,18.08
q14,compiled_optimized,0.054,100,17.19
q15,interpreted_unoptimized,0.783,250,27.41
q15,interpreted_optimized,0.66,250,14.8
q15,compiled_unoptimized,0.096,250,22.94
q15,compiled_optimized,0.09,250,21.83
q16,interpreted_unoptimized,1.491,100,45.96
q16,interpreted_optimized,1.039,100,45.44
q16,compiled_unoptimized,0.08,100,23.57
q16,compiled_optimized,0.077,100,27.05
q17,interpreted_unoptimized,5.325,1000,293.8
q17,interpreted_optimized,5.282,1000,295.3
q17,compiled_unoptimized,0.153,1000,81.08
q17,compiled_optimized,0.102,1000,56.29
q18,interpreted_unoptimized,3.383,350,73.9
q18,interpreted_optimized,2.053,350,30.09
q18,compiled_unoptimized,0.197,350,92.63
q18,compiled_optimized,0.131,350,46.51
q19,interpreted_unoptimized,28.04,1350,800.38
q19,interpreted_optimized,6.085,1350,111.0
q19,compiled_unoptimized,0.911,1350,648.48
q19,compiled_optimized,0.389,1350,146.6
q20,interpreted_unoptimized,21.211,1350,893.45
q20,interpreted_optimized,5.87,1350,255.42
q20,compiled_unoptimized,0.617,1350,413.0
q20,compiled_optimized,0.244,1350,63.88
